{"0": {"m0": [-46.142857142857146, -19.142857142857142], "m1": [-19.285714285714285, -0.7142857142857143], "m2": [-22.285714285714285, 38.285714285714285], "m3": [-52.857142857142854, -33.0], "m4": [-49.142857142857146, -30.285714285714285], "m5": [10.571428571428571, 19.428571428571427], "ump": [8.6, 15.6], "inf": [0, 0.06360048135844139], "new": [17190.0, 34240.0]}, "1": {"m0": [-46.142857142857146, -16.428571428571427], "m1": [-19.285714285714285, -0.42857142857142855], "m2": [-22.285714285714285, 49.714285714285715], "m3": [-52.857142857142854, -30.285714285714285], "m4": [-49.142857142857146, -29.285714285714285], "m5": [9.428571428571429, 19.428571428571427], "ump": [11.2, 15.6], "inf": [0, 0.047245176809412384], "new": [17190.0, 34240.0]}, "2": {"m0": [-44.285714285714285, -14.285714285714286], "m1": [-19.285714285714285, 0.5714285714285714], "m2": [-22.0, 60.142857142857146], "m3": [-51.142857142857146, -28.0], "m4": [-46.42857142857143, -28.714285714285715], "m5": [8.428571428571429, 18.714285714285715], "ump": [12.0, 15.6], "inf": [0, 0.035200044255247406], "new": [17190.0, 34240.0]}, "3": {"m0": [-40.142857142857146, -14.285714285714286], "m1": [-14.857142857142858, 1.1428571428571428], "m2": [-8.714285714285714, 60.142857142857146], "m3": [-48.285714285714285, -27.428571428571427], "m4": [-44.57142857142857, -28.714285714285715], "m5": [8.285714285714286, 17.714285714285715], "ump": [11.3, 15.6], "inf": [0, 0.029561071075238008], "new": [17190.0, 45421.0]}, "4": {"m0": [-35.0, -11.428571428571429], "m1": [-10.0, 2.7857142857142856], "m2": [1.7142857142857142, 61.42857142857143], "m3": [-44.57142857142857, -26.0], "m4": [-42.57142857142857, -28.714285714285715], "m5": [8.285714285714286, 15.285714285714286], "ump": [11.3, 15.6], "inf": [0, 0.03159090556241705], "new": [17190.0, 55629.0]}, "5": {"m0": [-30.142857142857142, -11.428571428571429], "m1": [-6.428571428571429, 2.9285714285714284], "m2": [6.0, 62.714285714285715], "m3": [-41.42857142857143, -26.0], "m4": [-39.57142857142857, -28.714285714285715], "m5": [8.285714285714286, 14.571428571428571], "ump": [11.2, 15.6], "inf": [0, 0.03399206488656227], "new": [17190.0, 67826.0]}, "6": {"m0": [-28.857142857142858, -11.428571428571429], "m1": [-6.428571428571429, 2.9285714285714284], "m2": [14.428571428571429, 62.714285714285715], "m3": [-40.0, -26.0], "m4": [-37.57142857142857, -28.714285714285715], "m5": [8.285714285714286, 14.0], "ump": [11.2, 13.1], "inf": [0, 0.03399206488656227], "new": [17190.0, 76588.0]}, "7": {"m0": [-25.0, -11.428571428571429], "m1": [-3.7142857142857144, 2.9285714285714284], "m2": [23.142857142857142, 62.714285714285715], "m3": [-37.57142857142857, -26.0], "m4": [-35.714285714285715, -28.714285714285715], "m5": [8.285714285714286, 12.857142857142858], "ump": [10.8, 13.1], "inf": [0, 0.03399206488656227], "new": [17190.0, 76588.0]}, "8": {"m0": [-22.571428571428573, -11.428571428571429], "m1": [-3.4285714285714284, 2.9285714285714284], "m2": [32.142857142857146, 62.714285714285715], "m3": [-35.07142857142857, -26.0], "m4": [-33.5, -28.714285714285715], "m5": [8.285714285714286, 11.5], "ump": [10.4, 12.8], "inf": [0, 0.03399206488656227], "new": [17480.0, 76588.0]}, "9": {"m0": [-19.142857142857142, -11.428571428571429], "m1": [-3.2857142857142856, 2.9285714285714284], "m2": [38.285714285714285, 62.714285714285715], "m3": [-33.0, -26.0], "m4": [-33.5, -28.714285714285715], "m5": [8.142857142857142, 10.571428571428571], "ump": [9.7, 12.6], "inf": [0, 0.03399206488656227], "new": [19056.0, 76588.0]}, "10": {"m0": [-16.428571428571427, -11.428571428571429], "m1": [-3.7142857142857144, 2.9285714285714284], "m2": [49.714285714285715, 62.714285714285715], "m3": [-30.285714285714285, -26.0], "m4": [-33.5, -28.714285714285715], "m5": [7.714285714285714, 9.428571428571429], "ump": [9.5, 12.1], "inf": [0, 0.03399206488656227], "new": [25711.0, 76588.0]}, "11": {"m0": [-15.428571428571429, -11.428571428571429], "m1": [-4.571428571428571, 2.9285714285714284], "m2": [50.142857142857146, 62.714285714285715], "m3": [-28.857142857142858, -26.0], "m4": [-33.5, -29.0], "m5": [7.714285714285714, 9.142857142857142], "ump": [9.0, 12.0], "inf": [0, 0.03399206488656227], "new": [36756.0, 76588.0]}, "12": {"m0": [-15.857142857142858, -11.428571428571429], "m1": [-5.571428571428571, 2.9285714285714284], "m2": [41.142857142857146, 62.714285714285715], "m3": [-29.428571428571427, -26.0], "m4": [-33.5, -29.285714285714285], "m5": [7.714285714285714, 9.142857142857142], "ump": [9.0, 11.9], "inf": [0, 0.03399206488656227], "new": [34436.0, 76588.0]}, "13": {"m0": [-15.857142857142858, -11.428571428571429], "m1": [-5.714285714285714, 2.9285714285714284], "m2": [41.0, 62.714285714285715], "m3": [-29.428571428571427, -26.285714285714285], "m4": [-33.5, -29.142857142857142], "m5": [6.714285714285714, 9.142857142857142], "ump": [8.5, 11.9], "inf": [0, 0.03180579152696431], "new": [34436.0, 76588.0]}, "14": {"m0": [-15.857142857142858, -13.142857142857142], "m1": [-5.714285714285714, -1.2857142857142858], "m2": [38.714285714285715, 61.285714285714285], "m3": [-29.428571428571427, -26.857142857142858], "m4": [-31.571428571428573, -29.071428571428573], "m5": [6.5, 8.714285714285714], "ump": [8.5, 11.5], "inf": [0, 0.02688456204841603], "new": [23432.0, 73431.0]}, "15": {"m0": [-16.142857142857142, -13.142857142857142], "m1": [-6.428571428571429, -1.4285714285714286], "m2": [32.57142857142857, 61.285714285714285], "m3": [-29.428571428571427, -26.857142857142858], "m4": [-31.571428571428573, -27.0], "m5": [6.5, 8.714285714285714], "ump": [8.0, 11.5], "inf": [0, 0.02244953538867509], "new": [23432.0, 71824.0]}, "16": {"m0": [-16.142857142857142, -13.142857142857142], "m1": [-6.428571428571429, -2.0], "m2": [32.57142857142857, 61.285714285714285], "m3": [-30.142857142857142, -26.857142857142858], "m4": [-31.571428571428573, -26.428571428571427], "m5": [6.5, 8.714285714285714], "ump": [7.0, 10.8], "inf": [0, 0.017831402614070048], "new": [23432.0, 64699.0]}, "17": {"m0": [-16.142857142857142, -13.142857142857142], "m1": [-6.714285714285714, -2.0], "m2": [22.285714285714285, 61.285714285714285], "m3": [-30.714285714285715, -26.857142857142858], "m4": [-31.571428571428573, -25.571428571428573], "m5": [6.5, 8.428571428571429], "ump": [6.1, 10.4], "inf": [0, 0.015751065633891212], "new": [23432.0, 64699.0]}, "18": {"m0": [-16.142857142857142, -13.142857142857142], "m1": [-6.714285714285714, -2.5714285714285716], "m2": [20.857142857142858, 61.285714285714285], "m3": [-30.714285714285715, -26.857142857142858], "m4": [-31.142857142857142, -25.571428571428573], "m5": [6.285714285714286, 8.142857142857142], "ump": [5.5, 9.7], "inf": [0, 0.013122772616106913], "new": [23432.0, 58313.0]}, "19": {"m0": [-16.142857142857142, -13.142857142857142], "m1": [-6.714285714285714, -2.857142857142857], "m2": [20.857142857142858, 56.285714285714285], "m3": [-30.714285714285715, -26.857142857142858], "m4": [-31.142857142857142, -25.571428571428573], "m5": [6.285714285714286, 8.0], "ump": [5.1, 9.5], "inf": [0, 0.015131489860785621], "new": [23432.0, 68566.0]}, "20": {"m0": [-16.571428571428573, -13.142857142857142], "m1": [-6.857142857142857, -2.857142857142857], "m2": [14.714285714285714, 51.857142857142854], "m3": [-30.714285714285715, -26.857142857142858], "m4": [-30.285714285714285, -25.142857142857142], "m5": [6.285714285714286, 8.0], "ump": [4.7, 9.1], "inf": [0, 0.01788690190946341], "new": [23432.0, 82643.0]}, "21": {"m0": [-17.142857142857142, -13.142857142857142], "m1": [-7.142857142857143, -2.857142857142857], "m2": [1.8571428571428572, 51.857142857142854], "m3": [-31.142857142857142, -26.857142857142858], "m4": [-30.285714285714285, -25.142857142857142], "m5": [6.285714285714286, 8.0], "ump": [4.4, 9.1], "inf": [0, 0.02257332422559926], "new": [23432.0, 98481.0]}, "22": {"m0": [-17.142857142857142, -13.142857142857142], "m1": [-7.428571428571429, -2.857142857142857], "m2": [1.0, 51.857142857142854],